{
  "cookies": [],
  "origins": [
    {
      "origin": "https://xdr.invinsense.dev",
      "localStorage": [
        {
          "name": "analytics",
          "value": "{\"reportVersion\":1,\"userAgent\":{\"opensearchDashboards-user_agent\":{\"key\":\"opensearchDashboards-user_agent\",\"appName\":\"opensearchDashboards\",\"type\":\"user_agent\",\"userAgent\":\"Mozilla/5.0 (Macintosh; Intel Mac OS X 10_15_7) AppleWebKit/537.36 (KHTML, like Gecko) Chrome/131.0.0.0 Safari/537.36\"}}}"
        }
      ]
    }
  ]
}